{
  "lens": "archaeology",
  "n_dimensions": 16,
  "n_significant_classical_p01": 16,
  "n_significant_welch_p01": 14,
  "n_significant_kruskal_p01": 15,
  "per_dimension": [
    {
      "dimension": "celestial_observation",
      "F_classical": 104.27531806647262,
      "p_classical": 1e-15,
      "F_welch": 54.335357599661336,
      "p_welch": 1e-15,
      "H_kruskal": 81.71436897582907,
      "p_kruskal": 1e-15,
      "eta_squared": 0.684781482583759,
      "section_means": {
        "herbal": 0.12594722122964214,
        "astronomical": 0.24020089581608772,
        "cosmological": 0.137923712639705,
        "pharmaceutical": 0.11973531693220138,
        "recipes": 0.15336893747250238
      },
      "section_stds": {
        "herbal": 0.01974159317164136,
        "astronomical": 0.034242024863137814,
        "cosmological": 0.016361517279622654,
        "pharmaceutical": 0.014601261232346613,
        "recipes": 0.010922489454061473
      }
    },
    {
      "dimension": "terrestrial_landscape",
      "F_classical": 63.568694656591035,
      "p_classical": 1e-15,
      "F_welch": 81.71787491855179,
      "p_welch": 1e-15,
      "H_kruskal": 62.26357387679252,
      "p_kruskal": 9.695531002888492e-13,
      "eta_squared": 0.5697717881548744,
      "section_means": {
        "herbal": 0.1406177865751719,
        "astronomical": 0.1553582822283109,
        "cosmological": 0.1449647895667864,
        "pharmaceutical": 0.14181690588593482,
        "recipes": 0.07776478677988052
      },
      "section_stds": {
        "herbal": 0.015149309434656604,
        "astronomical": 0.026127032760886616,
        "cosmological": 0.03199947378767372,
        "pharmaceutical": 0.017408255630288777,
        "recipes": 0.01570751521854304
      }
    },
    {
      "dimension": "warfare_conflict",
      "F_classical": 37.44871831799325,
      "p_classical": 1e-15,
      "F_welch": 56.07801122016113,
      "p_welch": 1e-15,
      "H_kruskal": 87.75030239664966,
      "p_kruskal": 1e-15,
      "eta_squared": 0.438259567318841,
      "section_means": {
        "herbal": 0.07996155826722161,
        "astronomical": 0.10732341495652993,
        "cosmological": 0.11025852936765422,
        "pharmaceutical": 0.09030314572155476,
        "recipes": 0.10915396859248479
      },
      "section_stds": {
        "herbal": 0.014837879185732162,
        "astronomical": 0.011043588532662596,
        "cosmological": 0.017996328361803086,
        "pharmaceutical": 0.020052344055718437,
        "recipes": 0.007705188381996743
      }
    },
    {
      "dimension": "transformation",
      "F_classical": 30.36294516158083,
      "p_classical": 1e-15,
      "F_welch": 57.315565501471596,
      "p_welch": 1e-15,
      "H_kruskal": 60.71930949836678,
      "p_kruskal": 2.0480508846585203e-12,
      "eta_squared": 0.387465594854479,
      "section_means": {
        "herbal": 0.1114868868963193,
        "astronomical": 0.11790519083539645,
        "cosmological": 0.1037070666966231,
        "pharmaceutical": 0.12053550742566585,
        "recipes": 0.07348570274189115
      },
      "section_stds": {
        "herbal": 0.016216530759085915,
        "astronomical": 0.016186205496645255,
        "cosmological": 0.025294440091224137,
        "pharmaceutical": 0.014944945404476447,
        "recipes": 0.011080096803691531
      }
    },
    {
      "dimension": "awe_wonder",
      "F_classical": 26.194576086574408,
      "p_classical": 1e-15,
      "F_welch": 40.14017598748338,
      "p_welch": 4.496403249731884e-14,
      "H_kruskal": 72.31055984584657,
      "p_kruskal": 7.378736053578533e-15,
      "eta_squared": 0.3530524395207691,
      "section_means": {
        "herbal": 0.1647773600988469,
        "astronomical": 0.18279626096288362,
        "cosmological": 0.14229691870834515,
        "pharmaceutical": 0.16306396424770356,
        "recipes": 0.143921526769797
      },
      "section_stds": {
        "herbal": 0.015644602386156368,
        "astronomical": 0.013096455620353168,
        "cosmological": 0.015404744837532788,
        "pharmaceutical": 0.014598355357244101,
        "recipes": 0.007767642576326343
      }
    },
    {
      "dimension": "journey_migration",
      "F_classical": 25.094169259315237,
      "p_classical": 1e-15,
      "F_welch": 23.02881647549707,
      "p_welch": 5.384420687093439e-10,
      "H_kruskal": 58.43828990691338,
      "p_kruskal": 6.174030245108083e-12,
      "eta_squared": 0.3433128731552991,
      "section_means": {
        "herbal": 0.0877621481037241,
        "astronomical": 0.1002510382483403,
        "cosmological": 0.10634838822095291,
        "pharmaceutical": 0.0973400104790926,
        "recipes": 0.07829560556759436
      },
      "section_stds": {
        "herbal": 0.009247042780488575,
        "astronomical": 0.011664552530863192,
        "cosmological": 0.02072512986610593,
        "pharmaceutical": 0.008248314809798747,
        "recipes": 0.007542778797965025
      }
    },
    {
      "dimension": "creation_origin",
      "F_classical": 22.293811045991983,
      "p_classical": 3.914637456435811e-15,
      "F_welch": 18.693872944967374,
      "p_welch": 5.972767058715078e-09,
      "H_kruskal": 49.104438776325765,
      "p_kruskal": 5.553096605840847e-10,
      "eta_squared": 0.3171518333442694,
      "section_means": {
        "herbal": 0.1634871291028241,
        "astronomical": 0.20011723538239798,
        "cosmological": 0.18505467863186545,
        "pharmaceutical": 0.16988168880343438,
        "recipes": 0.1649561288456122
      },
      "section_stds": {
        "herbal": 0.016404962886013102,
        "astronomical": 0.01747223752795133,
        "cosmological": 0.01605414300885862,
        "pharmaceutical": 0.014203220665159444,
        "recipes": 0.009396791190000033
      }
    },
    {
      "dimension": "reverence",
      "F_classical": 17.501667396378913,
      "p_classical": 2.915012378306202e-12,
      "F_welch": 18.07355981076437,
      "p_welch": 1.1399961974412065e-08,
      "H_kruskal": 36.538967135830944,
      "p_kruskal": 2.2414764211126956e-07,
      "eta_squared": 0.2671942271403376,
      "section_means": {
        "herbal": 0.10217255366555715,
        "astronomical": 0.13576282064119974,
        "cosmological": 0.11058550457591595,
        "pharmaceutical": 0.11153563298285007,
        "recipes": 0.1077486714348197
      },
      "section_stds": {
        "herbal": 0.013532041129335086,
        "astronomical": 0.013092496038049732,
        "cosmological": 0.01338627629507802,
        "pharmaceutical": 0.01930902328450413,
        "recipes": 0.01020173081840819
      }
    },
    {
      "dimension": "hunting_survival",
      "F_classical": 16.45795626705297,
      "p_classical": 1.3042127784351712e-11,
      "F_welch": 14.369354390077488,
      "p_welch": 2.708407003115809e-07,
      "H_kruskal": 45.63013359318791,
      "p_kruskal": 2.94031723741838e-09,
      "eta_squared": 0.2553285462366618,
      "section_means": {
        "herbal": 0.1083377741782342,
        "astronomical": 0.0950578919922312,
        "cosmological": 0.11466442793607712,
        "pharmaceutical": 0.12628996670246123,
        "recipes": 0.09498882355789344
      },
      "section_stds": {
        "herbal": 0.01193296299266148,
        "astronomical": 0.02195455860339146,
        "cosmological": 0.018957531643322905,
        "pharmaceutical": 0.020408916907710378,
        "recipes": 0.010080090186115678
      }
    },
    {
      "dimension": "authority_power",
      "F_classical": 15.151905644810887,
      "p_classical": 8.767344200409016e-11,
      "F_welch": 19.686819405980977,
      "p_welch": 3.4352475308807584e-09,
      "H_kruskal": 30.6391810854941,
      "p_kruskal": 3.6265662905767253e-06,
      "eta_squared": 0.2399279244244929,
      "section_means": {
        "herbal": 0.12111743931042945,
        "astronomical": 0.15444803858796755,
        "cosmological": 0.1209748286915862,
        "pharmaceutical": 0.11880193538963794,