{
  "n": 182,
  "majority_baseline": 0.6483516483516484,
  "results": {
    "layout": {
      "name": "VISUAL layout",
      "loocv": 0.7527472527472527,
      "10fold": 0.7637362637362637,
      "ci": [
        0.685276116149513,
        0.8097691266809405
      ],
      "n_features": 6
    },
    "v16": {
      "name": "VISUAL 16-d",
      "loocv": 0.9230769230769231,
      "10fold": 0.9230769230769231,
      "ci": [
        0.8750340857554002,
        0.9536286033303589
      ],
      "n_features": 16
    },
    "vraw": {
      "name": "VISUAL raw 768-d",
      "loocv": 0.9615384615384616,
      "10fold": 0.9560439560439561,
      "ci": [
        0.9227489451256344,
        0.9812467156951937
      ],
      "n_features": 768
    },
    "text_ng": {
      "name": "TEXT char n-gram",
      "loocv": 0.9230769230769231,
      "10fold": 0.9230769230769231,
      "ci": [
        0.8750340857554002,
        0.9536286033303589
      ],
      "n_features": 2184
    }
  }
}