{
  "sections": [
    "herbal",
    "astronomical",
    "cosmological",
    "pharmaceutical",
    "recipes"
  ],
  "centroids": [
    [
      0.39614620817414786,
      0.3012213530176777,
      0.3358996055893979,
      0.18171313745995699,
      0.18806502096733804,
      0.19451317948810123,
      0.21206884704909082,
      0.22815728364354473,
      0.18609163278745391,
      0.20260404744895838,
      0.22501435244487503,
      0.24402481607966503,
      0.2585283717361547,
      0.3289047095735194,
      0.19678125277919284,
      0.24782373453095807
    ],
    [
      0.22653155649701753,
      0.19839565828442574,
      0.25313633928696316,
      0.34406889975070953,
      0.3295675441622734,
      0.34221983949343365,
      0.30003250141938526,
      0.2402640034755071,
      0.20288912827769914,
      0.24859795471032461,
      0.2611158552269141,
      0.2679739259183407,
      0.2457717570165793,
      0.2877294719219208,
      0.31679902970790863,
      0.26882457608977955
    ],
    [
      0.27825046946173126,
      0.2725543567667837,
      0.30901824650557147,
      0.22091177170691284,
      0.21720642045788144,
      0.2386183570260587,
      0.22528010541978088,
      0.25057198301605554,
      0.21440818646679755,
      0.26219382882118225,
      0.26089476826398267,
      0.3136115359223407,
      0.31587974791941437,
      0.3041657565728478,
      0.22348202700200287,
      0.2785138785839081
    ],
    [
      0.3907110884785652,
      0.33237049281597136,
      0.3561845704913139,
      0.1791723445057869,
      0.18691862747073174,
      0.20790218636393548,
      0.203180193901062,
      0.2573336839675903,
      0.20803362131118774,
      0.20302257761359216,
      0.24638056382536888,
      0.2806014075875282,
      0.2776199206709862,
      0.3474924385547638,
      0.18346515744924546,
      0.264673275500536
    ],
    [
      0.23240102889637151,
      0.24146063812077045,
      0.237058624625206,
      0.20505501329898834,
      0.1795551311224699,
      0.20224460462729135,
      0.2167548437913259,
      0.20317470654845238,
      0.15253460283080736,
      0.2707362336417039,
      0.21153883201380572,
      0.22667458343009153,
      0.23282967321574688,
      0.23416599941750368,
      0.20777354948222637,
      0.2057341312368711
    ]
  ],
  "cosine_similarity": [
    [
      0.9999999999990241,
      0.9388495995294361,
      0.9838113245311236,
      0.9984930488776358,
      0.9776774668739983
    ],
    [
      0.9388495995294361,
      0.9999999999991701,
      0.9697492402406029,
      0.9338940026856283,
      0.9756264387828606
    ],
    [
      0.9838113245311236,
      0.9697492402406029,
      0.9999999999991027,
      0.9855473354534242,
      0.9941401252386667
    ],
    [
      0.9984930488776358,
      0.9338940026856283,
      0.9855473354534242,
      0.9999999999991173,
      0.9758715128956748
    ],
    [
      0.9776774668739983,
      0.9756264387828606,
      0.9941401252386667,
      0.9758715128956748,
      0.9999999999986829
    ]
  ],
  "cosine_distance": [
    [
      9.758860386455126e-13,
      0.06115040047056386,
      0.016188675468876368,
      0.0015069511223642085,
      0.022322533126001742
    ],
    [
      0.06115040047056386,
      8.298917109073045e-13,
      0.03025075975939706,
      0.06610599731437172,
      0.024373561217139406
    ],
    [
      0.016188675468876368,
      0.03025075975939706,
      8.972822485020515e-13,
      0.014452664546575789,
      0.005859874761333317
    ],
    [
      0.0015069511223642085,
      0.06610599731437172,
      0.014452664546575789,
      8.82738326879462e-13,
      0.024128487104325247
    ],
    [
      0.022322533126001742,
      0.024373561217139406,
      0.005859874761333317,
      0.024128487104325247,
      1.3170575741128232e-12
    ]
  ]
}