{
  "n_seeds": 10,
  "normalised_rmse_vs_seed0": [
    0.4685976225134455,
    0.5255586140571283,
    0.4212425550392145,
    0.590434617106739,
    0.5455347128208485,
    0.3727340032894402,
    0.6247604226886931,
    0.32947292166387926,
    0.40467936853545283
  ],
  "mean_nrmse": 0.4758905375238712,
  "std_nrmse": 0.09591073733938263
}